Date,Price
1/08/2025,"113,312.10"
31/07/2025,"115,765.00"
30/07/2025,"117,840.40"
29/07/2025,"117,950.10"
28/07/2025,"118,053.90"
27/07/2025,"119,398.10"
26/07/2025,"117,917.60"
25/07/2025,"117,631.90"
24/07/2025,"118,310.90"
23/07/2025,"118,763.00"
22/07/2025,"119,965.50"
21/07/2025,"117,388.10"
20/07/2025,"117,297.20"
19/07/2025,"117,848.40"
18/07/2025,"117,940.30"
17/07/2025,"119,194.90"
16/07/2025,"118,683.20"
15/07/2025,"117,762.30"
14/07/2025,"119,849.50"
13/07/2025,"119,090.60"
12/07/2025,"117,419.50"
11/07/2025,"117,535.60"
10/07/2025,"115,993.60"
9/07/2025,"111,246.00"
8/07/2025,"108,913.10"
7/07/2025,"108,269.60"
6/07/2025,"109,207.00"
5/07/2025,"108,204.70"
4/07/2025,"107,989.60"
3/07/2025,"109,600.50"
2/07/2025,"108,843.70"
1/07/2025,"105,694.30"
30/06/2025,"107,171.10"
29/06/2025,"108,361.10"
28/06/2025,"107,304.40"
27/06/2025,"107,044.20"
26/06/2025,"106,945.90"
25/06/2025,"107,349.40"
24/06/2025,"106,078.60"
23/06/2025,"105,376.90"
22/06/2025,"100,990.40"
21/06/2025,"102,113.20"
20/06/2025,"103,280.50"
19/06/2025,"104,669.60"
18/06/2025,"104,894.20"
17/06/2025,"104,559.80"
16/06/2025,"106,740.40"
15/06/2025,"105,591.80"
14/06/2025,"105,421.50"
13/06/2025,"106,080.30"
12/06/2025,"105,703.00"
11/06/2025,"108,661.20"
10/06/2025,"110,269.20"
9/06/2025,"110,268.30"
8/06/2025,"105,739.60"
7/06/2025,"105,564.20"
6/06/2025,"104,308.30"
5/06/2025,"101,521.90"
4/06/2025,"104,695.60"
3/06/2025,"105,388.30"
2/06/2025,"105,845.60"
1/06/2025,"105,635.20"
31/05/2025,"104,598.00"
30/05/2025,"103,981.30"
29/05/2025,"105,600.00"
28/05/2025,"107,786.70"
27/05/2025,"108,944.00"
26/05/2025,"109,455.30"
25/05/2025,"109,021.10"
24/05/2025,"107,763.00"
23/05/2025,"107,313.40"
22/05/2025,"111,702.70"
21/05/2025,"109,640.10"
20/05/2025,"106,815.80"
19/05/2025,"105,585.80"
18/05/2025,"106,504.50"
17/05/2025,"103,112.60"
16/05/2025,"103,480.50"
15/05/2025,"103,765.40"
14/05/2025,"103,513.90"
13/05/2025,"104,119.20"
12/05/2025,"102,795.00"
11/05/2025,"104,119.20"
10/05/2025,"104,798.00"
9/05/2025,"102,975.10"
8/05/2025,"103,274.30"
7/05/2025,"97,035.10"
6/05/2025,"96,825.40"
5/05/2025,"94,745.20"
4/05/2025,"94,316.90"
3/05/2025,"95,885.80"
2/05/2025,"96,894.40"
1/05/2025,"96,499.30"
30/04/2025,"94,184.40"
29/04/2025,"94,269.80"
28/04/2025,"94,995.00"
27/04/2025,"93,742.50"
26/04/2025,"94,631.40"
25/04/2025,"94,676.90"
24/04/2025,"93,980.30"
23/04/2025,"93,697.70"
22/04/2025,"93,441.90"
21/04/2025,"87,516.00"
20/04/2025,"85,179.00"
19/04/2025,"85,068.10"
18/04/2025,"84,474.60"
17/04/2025,"84,940.00"
16/04/2025,"84,032.20"
15/04/2025,"83,647.00"
14/04/2025,"84,586.40"
13/04/2025,"83,734.40"
12/04/2025,"85,292.70"
11/04/2025,"83,413.10"
10/04/2025,"79,607.50"
9/04/2025,"82,607.00"
8/04/2025,"76,312.50"
7/04/2025,"79,162.50"
6/04/2025,"78,391.30"
5/04/2025,"83,552.10"
4/04/2025,"83,866.70"
3/04/2025,"83,159.40"
2/04/2025,"82,525.00"
1/04/2025,"85,164.20"
31/03/2025,"82,548.80"
30/03/2025,"82,371.60"
29/03/2025,"82,645.70"
28/03/2025,"84,410.40"
27/03/2025,"87,228.20"
26/03/2025,"86,912.00"
25/03/2025,"87,404.00"
24/03/2025,"87,490.00"
23/03/2025,"86,077.40"
22/03/2025,"83,840.50"
21/03/2025,"84,073.30"
20/03/2025,"84,208.10"
19/03/2025,"86,841.00"
18/03/2025,"82,719.10"
17/03/2025,"84,019.10"
16/03/2025,"82,578.40"
15/03/2025,"84,341.30"
14/03/2025,"83,977.10"
13/03/2025,"81,100.20"
12/03/2025,"83,664.30"
11/03/2025,"82,921.10"
10/03/2025,"78,575.90"
9/03/2025,"80,691.60"
8/03/2025,"86,221.90"
7/03/2025,"86,531.20"
6/03/2025,"89,930.90"
5/03/2025,"90,611.70"
4/03/2025,"87,266.30"
3/03/2025,"86,209.70"
2/03/2025,"94,265.10"
1/03/2025,"86,071.60"
28/02/2025,"84,381.20"
27/02/2025,"84,714.60"
26/02/2025,"84,212.70"
25/02/2025,"88,686.00"
24/02/2025,"91,508.50"
23/02/2025,"96,258.80"
22/02/2025,"96,556.10"
21/02/2025,"96,155.60"
20/02/2025,"98,310.30"
19/02/2025,"96,644.80"
18/02/2025,"95,638.00"
17/02/2025,"95,781.30"
16/02/2025,"96,132.10"
15/02/2025,"97,573.40"
14/02/2025,"97,504.60"
13/02/2025,"96,610.20"
12/02/2025,"97,881.30"
11/02/2025,"95,771.70"
10/02/2025,"97,434.70"
9/02/2025,"96,469.20"
8/02/2025,"96,447.90"
7/02/2025,"96,513.50"
6/02/2025,"96,568.80"
5/02/2025,"96,595.30"
4/02/2025,"97,793.40"
3/02/2025,"101,337.10"
2/02/2025,"97,684.90"
1/02/2025,"100,648.00"
31/01/2025,"102,424.20"
30/01/2025,"104,726.90"
29/01/2025,"103,722.00"
28/01/2025,"101,349.30"
27/01/2025,"102,091.70"
26/01/2025,"102,637.80"
25/01/2025,"104,742.90"
24/01/2025,"104,862.30"
23/01/2025,"103,912.10"
22/01/2025,"103,684.80"
21/01/2025,"106,157.20"
20/01/2025,"102,197.70"
19/01/2025,"101,319.50"
18/01/2025,"104,536.90"
17/01/2025,"104,084.90"
16/01/2025,"100,004.50"
15/01/2025,"100,499.80"
14/01/2025,"96,542.10"
13/01/2025,"94,536.10"
12/01/2025,"94,541.80"
11/01/2025,"94,612.00"
10/01/2025,"94,724.10"
9/01/2025,"92,539.80"
8/01/2025,"95,066.60"
7/01/2025,"96,929.80"
6/01/2025,"102,248.70"
5/01/2025,"98,347.70"
4/01/2025,"98,219.90"
3/01/2025,"98,167.50"
2/01/2025,"96,960.00"
1/01/2025,"94,560.20"
31/12/2024,"93,557.20"
30/12/2024,"92,779.80"
29/12/2024,"93,716.30"
28/12/2024,"95,284.50"
27/12/2024,"94,275.90"
26/12/2024,"95,777.70"
25/12/2024,"99,391.30"
24/12/2024,"98,668.10"
23/12/2024,"94,852.10"
22/12/2024,"95,183.80"
21/12/2024,"97,253.30"
20/12/2024,"97,795.70"
19/12/2024,"97,466.10"
18/12/2024,"100,197.80"
17/12/2024,"106,138.90"
16/12/2024,"106,057.60"
15/12/2024,"104,443.00"
14/12/2024,"101,417.70"
13/12/2024,"101,426.20"
12/12/2024,"100,009.90"
11/12/2024,"101,126.20"
10/12/2024,"96,600.30"
9/12/2024,"97,359.40"
8/12/2024,"101,115.80"
7/12/2024,"99,837.00"
6/12/2024,"99,760.70"
5/12/2024,"96,970.80"
4/12/2024,"98,635.80"
3/12/2024,"95,898.70"
2/12/2024,"95,846.60"
1/12/2024,"97,201.40"
30/11/2024,"96,405.70"
29/11/2024,"97,438.00"
28/11/2024,"95,645.50"
27/11/2024,"95,886.60"
26/11/2024,"91,977.60"
25/11/2024,"93,064.40"
24/11/2024,"97,935.20"
23/11/2024,"97,699.00"
22/11/2024,"98,929.70"
21/11/2024,"98,374.50"
20/11/2024,"94,303.90"
19/11/2024,"92,239.20"
18/11/2024,"90,478.70"
17/11/2024,"89,833.70"
16/11/2024,"90,539.10"
15/11/2024,"91,046.50"
14/11/2024,"87,294.00"
13/11/2024,"90,422.20"
12/11/2024,"87,941.30"
11/11/2024,"88,664.10"
10/11/2024,"80,388.50"
9/11/2024,"76,700.30"
8/11/2024,"76,517.30"
7/11/2024,"75,868.60"
6/11/2024,"75,586.30"
5/11/2024,"69,373.70"
4/11/2024,"67,848.80"
3/11/2024,"68,769.60"
2/11/2024,"69,325.80"
1/11/2024,"69,507.20"
31/10/2024,"70,281.80"
30/10/2024,"72,347.80"
29/10/2024,"72,730.40"
28/10/2024,"69,954.10"
27/10/2024,"68,004.60"
26/10/2024,"67,086.80"
25/10/2024,"66,696.80"
24/10/2024,"68,191.50"
23/10/2024,"66,663.70"
22/10/2024,"67,427.30"
21/10/2024,"67,371.30"
20/10/2024,"69,030.50"
19/10/2024,"68,372.00"
18/10/2024,"68,423.10"
17/10/2024,"67,418.40"
16/10/2024,"67,617.90"
15/10/2024,"67,077.50"
14/10/2024,"66,081.70"
13/10/2024,"62,870.90"
12/10/2024,"63,205.10"
11/10/2024,"62,499.40"
10/10/2024,"60,316.20"
9/10/2024,"60,628.80"
8/10/2024,"62,157.00"
7/10/2024,"62,245.60"
6/10/2024,"62,819.40"
5/10/2024,"62,061.40"
4/10/2024,"62,081.00"
3/10/2024,"60,751.20"
2/10/2024,"60,645.70"
1/10/2024,"60,835.50"
30/09/2024,"63,339.20"
29/09/2024,"65,607.10"
28/09/2024,"65,866.50"
27/09/2024,"65,776.30"
26/09/2024,"65,175.70"
25/09/2024,"63,156.50"
24/09/2024,"64,256.80"
23/09/2024,"63,331.80"
22/09/2024,"63,572.70"
21/09/2024,"63,348.10"
20/09/2024,"63,201.20"
19/09/2024,"62,938.60"
18/09/2024,"61,757.60"
17/09/2024,"60,309.10"
16/09/2024,"58,213.10"
15/09/2024,"59,138.50"
14/09/2024,"59,995.40"
13/09/2024,"60,511.60"
12/09/2024,"58,134.50"
11/09/2024,"57,338.70"
10/09/2024,"57,635.00"
9/09/2024,"57,049.60"
8/09/2024,"54,861.30"
7/09/2024,"54,156.50"
6/09/2024,"53,966.80"
5/09/2024,"56,183.20"
4/09/2024,"57,973.40"
3/09/2024,"57,479.80"
2/09/2024,"59,134.00"
1/09/2024,"57,315.70"
31/08/2024,"58,978.60"
30/08/2024,"59,119.70"
29/08/2024,"59,373.50"
28/08/2024,"59,016.00"
27/08/2024,"59,450.90"
26/08/2024,"62,846.20"
25/08/2024,"64,273.20"
24/08/2024,"64,159.30"
23/08/2024,"64,053.10"
22/08/2024,"60,372.20"
21/08/2024,"61,158.10"
20/08/2024,"59,005.80"
19/08/2024,"59,470.90"
18/08/2024,"58,446.30"
17/08/2024,"59,483.10"
16/08/2024,"58,877.20"
15/08/2024,"57,534.60"
14/08/2024,"58,707.80"
13/08/2024,"60,595.20"
12/08/2024,"59,350.00"
11/08/2024,"58,713.30"
10/08/2024,"60,931.70"
9/08/2024,"60,850.60"
8/08/2024,"61,699.70"
7/08/2024,"55,120.90"
6/08/2024,"56,057.80"
5/08/2024,"53,979.00"
4/08/2024,"58,141.80"
3/08/2024,"60,696.70"
2/08/2024,"61,478.70"
1/08/2024,"65,372.90"
31/07/2024,"64,626.00"
30/07/2024,"66,184.90"
29/07/2024,"66,798.70"
28/07/2024,"68,256.30"
27/07/2024,"67,843.10"
26/07/2024,"67,908.60"
25/07/2024,"65,799.30"
24/07/2024,"65,370.50"
23/07/2024,"65,937.80"
22/07/2024,"67,553.60"
21/07/2024,"68,158.70"
20/07/2024,"67,148.50"
19/07/2024,"66,677.40"
18/07/2024,"63,980.50"
17/07/2024,"64,089.20"
16/07/2024,"65,049.70"
15/07/2024,"64,782.40"
14/07/2024,"60,794.90"
13/07/2024,"59,209.80"
12/07/2024,"57,885.10"
11/07/2024,"57,337.30"
10/07/2024,"57,746.70"
9/07/2024,"58,039.40"
8/07/2024,"56,724.70"
7/07/2024,"55,861.10"
6/07/2024,"58,259.20"
5/07/2024,"56,641.80"
4/07/2024,"57,026.30"
3/07/2024,"60,199.30"
2/07/2024,"62,103.30"
1/07/2024,"62,890.10"
30/06/2024,"62,754.30"
29/06/2024,"60,973.40"
28/06/2024,"60,403.30"
27/06/2024,"61,685.30"
26/06/2024,"60,849.40"
25/06/2024,"61,809.40"
24/06/2024,"60,292.70"
23/06/2024,"63,196.20"
22/06/2024,"64,261.00"
21/06/2024,"64,128.50"
20/06/2024,"64,854.30"
19/06/2024,"64,980.90"
18/06/2024,"65,159.90"
17/06/2024,"66,498.80"
16/06/2024,"66,674.70"
15/06/2024,"66,223.00"
14/06/2024,"66,034.80"
13/06/2024,"66,773.10"
12/06/2024,"68,260.10"
11/06/2024,"67,319.80"
10/06/2024,"69,538.20"
9/06/2024,"69,650.60"
8/06/2024,"69,310.10"
7/06/2024,"69,347.90"
6/06/2024,"70,791.50"
5/06/2024,"71,083.70"
4/06/2024,"70,549.20"
3/06/2024,"68,807.80"
2/06/2024,"67,773.50"
1/06/2024,"67,760.80"
31/05/2024,"67,530.10"
30/05/2024,"68,354.70"
29/05/2024,"67,635.80"
28/05/2024,"68,366.00"
27/05/2024,"69,428.70"
26/05/2024,"68,514.80"
25/05/2024,"69,284.40"
24/05/2024,"68,547.60"
23/05/2024,"67,975.70"
22/05/2024,"69,155.40"
21/05/2024,"70,139.90"
20/05/2024,"71,422.70"
19/05/2024,"66,279.10"
18/05/2024,"66,917.50"
17/05/2024,"67,036.80"
16/05/2024,"65,231.00"
15/05/2024,"66,225.10"
14/05/2024,"61,569.40"
13/05/2024,"62,937.20"
12/05/2024,"61,480.00"
11/05/2024,"60,826.60"
10/05/2024,"60,796.90"
9/05/2024,"63,075.00"
8/05/2024,"61,207.50"
7/05/2024,"62,317.70"
6/05/2024,"63,163.10"
5/05/2024,"64,006.40"
4/05/2024,"63,888.30"
3/05/2024,"62,877.50"
2/05/2024,"59,121.30"
1/05/2024,"58,331.20"
30/04/2024,"60,666.60"
29/04/2024,"63,860.10"
28/04/2024,"63,109.70"
27/04/2024,"63,456.80"
26/04/2024,"63,766.40"
25/04/2024,"64,497.10"
24/04/2024,"64,285.70"
23/04/2024,"66,415.00"
22/04/2024,"66,829.30"
21/04/2024,"64,940.20"
20/04/2024,"64,961.10"
19/04/2024,"63,799.10"
18/04/2024,"63,481.40"
17/04/2024,"61,278.90"
16/04/2024,"63,805.30"
15/04/2024,"63,411.90"
14/04/2024,"65,697.40"
13/04/2024,"63,849.90"
12/04/2024,"67,151.90"
11/04/2024,"70,011.60"
10/04/2024,"70,622.10"
9/04/2024,"69,148.00"
8/04/2024,"71,630.10"
7/04/2024,"69,360.40"
6/04/2024,"68,890.60"
5/04/2024,"67,830.60"
4/04/2024,"68,496.50"
3/04/2024,"65,963.00"
2/04/2024,"65,439.20"
1/04/2024,"69,664.40"
31/03/2024,"71,332.00"
30/03/2024,"69,611.50"
29/03/2024,"69,871.70"
28/03/2024,"70,762.10"
27/03/2024,"69,442.40"
26/03/2024,"69,999.30"
25/03/2024,"69,892.00"
24/03/2024,"67,211.90"
23/03/2024,"64,037.80"
22/03/2024,"63,785.50"
21/03/2024,"65,503.80"
20/03/2024,"67,854.00"
19/03/2024,"62,050.00"
18/03/2024,"67,594.10"
17/03/2024,"68,391.20"
16/03/2024,"65,314.20"
15/03/2024,"69,463.70"
14/03/2024,"71,387.50"
13/03/2024,"73,066.30"
12/03/2024,"71,470.20"
11/03/2024,"72,099.10"
10/03/2024,"68,964.80"
9/03/2024,"68,366.50"
8/03/2024,"68,172.00"
7/03/2024,"66,855.30"
6/03/2024,"66,080.40"
5/03/2024,"63,792.60"
4/03/2024,"68,270.10"
3/03/2024,"63,135.80"
2/03/2024,"61,994.50"
1/03/2024,"62,397.70"
29/02/2024,"61,169.30"
28/02/2024,"62,467.60"
27/02/2024,"57,056.20"
26/02/2024,"54,495.10"
25/02/2024,"51,722.70"
24/02/2024,"51,571.60"
23/02/2024,"50,740.50"
22/02/2024,"51,320.40"
21/02/2024,"51,858.20"
20/02/2024,"52,263.50"
19/02/2024,"51,783.60"
18/02/2024,"52,117.50"
17/02/2024,"51,646.00"
16/02/2024,"52,134.20"
15/02/2024,"51,901.30"
14/02/2024,"51,782.40"
13/02/2024,"49,716.00"
12/02/2024,"49,941.30"
11/02/2024,"48,277.30"
10/02/2024,"47,758.20"
9/02/2024,"47,127.50"
8/02/2024,"45,293.30"
7/02/2024,"44,339.80"
6/02/2024,"43,087.70"
5/02/2024,"42,697.20"
4/02/2024,"42,581.40"
3/02/2024,"43,005.70"
2/02/2024,"43,194.70"
1/02/2024,"43,081.40"
31/01/2024,"42,580.50"
30/01/2024,"42,946.20"
29/01/2024,"43,299.80"
28/01/2024,"42,030.70"
27/01/2024,"42,120.90"
26/01/2024,"41,811.30"
25/01/2024,"39,935.70"
24/01/2024,"40,086.00"
23/01/2024,"39,888.80"
22/01/2024,"39,556.40"
21/01/2024,"41,583.20"
20/01/2024,"41,695.40"
19/01/2024,"41,648.00"
18/01/2024,"41,292.70"
17/01/2024,"42,768.70"
16/01/2024,"43,145.50"
15/01/2024,"42,510.70"
14/01/2024,"41,746.10"
13/01/2024,"42,851.30"
12/01/2024,"42,835.90"
11/01/2024,"46,348.20"
10/01/2024,"46,629.30"
9/01/2024,"46,129.00"
8/01/2024,"46,962.20"
7/01/2024,"43,927.30"
6/01/2024,"43,967.90"
5/01/2024,"44,156.90"
4/01/2024,"44,157.00"
3/01/2024,"42,836.10"
2/01/2024,"44,943.70"
1/01/2024,"44,183.40"
31/12/2023,"42,272.50"
30/12/2023,"42,136.70"
29/12/2023,"42,072.40"
28/12/2023,"42,581.10"
27/12/2023,"43,446.50"
26/12/2023,"42,513.30"
25/12/2023,"43,578.50"
24/12/2023,"42,981.50"
23/12/2023,"43,710.40"
22/12/2023,"43,968.90"
21/12/2023,"43,865.90"
20/12/2023,"43,662.80"
19/12/2023,"42,259.30"
18/12/2023,"42,659.70"
17/12/2023,"41,368.70"
16/12/2023,"42,271.70"
15/12/2023,"41,929.00"
14/12/2023,"43,025.90"
13/12/2023,"42,884.50"
12/12/2023,"41,487.00"
11/12/2023,"41,256.10"
10/12/2023,"43,791.00"
9/12/2023,"43,718.40"
8/12/2023,"44,175.50"
7/12/2023,"43,289.70"
6/12/2023,"43,776.30"
5/12/2023,"44,076.20"
4/12/2023,"41,987.80"
3/12/2023,"39,970.20"
2/12/2023,"39,458.40"
1/12/2023,"38,688.20"
30/11/2023,"37,712.90"
29/11/2023,"37,855.50"
28/11/2023,"37,823.30"
27/11/2023,"37,248.60"
26/11/2023,"37,451.80"
25/11/2023,"37,787.00"
24/11/2023,"37,717.30"
23/11/2023,"37,293.10"
22/11/2023,"37,410.80"
21/11/2023,"35,813.60"
20/11/2023,"37,454.10"
19/11/2023,"37,354.20"
18/11/2023,"36,568.60"
17/11/2023,"36,595.40"
16/11/2023,"36,161.20"
15/11/2023,"37,874.90"
14/11/2023,"35,549.30"
13/11/2023,"36,478.30"
12/11/2023,"37,064.40"
11/11/2023,"37,150.50"
10/11/2023,"37,303.00"
9/11/2023,"36,700.50"
8/11/2023,"35,636.90"
7/11/2023,"35,426.10"
6/11/2023,"35,042.00"
5/11/2023,"35,019.40"
4/11/2023,"35,065.80"
3/11/2023,"34,718.70"
2/11/2023,"34,931.40"
1/11/2023,"35,423.80"
31/10/2023,"34,650.60"
30/10/2023,"34,477.90"
29/10/2023,"34,526.70"
28/10/2023,"34,082.60"
27/10/2023,"33,901.80"
26/10/2023,"34,153.70"
25/10/2023,"34,496.80"
24/10/2023,"33,917.00"
23/10/2023,"33,041.80"
22/10/2023,"29,984.20"
21/10/2023,"29,912.90"
20/10/2023,"29,674.50"
19/10/2023,"28,723.00"
18/10/2023,"28,321.70"
17/10/2023,"28,403.60"
16/10/2023,"28,509.70"
15/10/2023,"27,161.20"
14/10/2023,"26,852.80"
13/10/2023,"26,863.50"
12/10/2023,"26,761.10"
11/10/2023,"26,876.60"
10/10/2023,"27,391.00"
9/10/2023,"27,581.40"
8/10/2023,"27,922.70"
7/10/2023,"27,961.10"
6/10/2023,"27,936.90"
5/10/2023,"27,410.30"
4/10/2023,"27,790.90"
3/10/2023,"27,428.40"
2/10/2023,"27,505.30"
1/10/2023,"27,974.50"
30/09/2023,"26,962.70"
29/09/2023,"26,909.80"
28/09/2023,"27,022.60"
27/09/2023,"26,366.10"
26/09/2023,"26,218.90"
25/09/2023,"26,302.70"
24/09/2023,"26,251.50"
23/09/2023,"26,579.20"
22/09/2023,"26,581.90"
21/09/2023,"26,570.00"
20/09/2023,"27,125.00"
19/09/2023,"27,209.20"
18/09/2023,"26,763.50"
17/09/2023,"26,529.10"
16/09/2023,"26,562.00"
15/09/2023,"26,601.00"
14/09/2023,"26,524.70"
13/09/2023,"26,223.00"
12/09/2023,"25,834.50"
11/09/2023,"25,166.40"
10/09/2023,"25,840.20"
9/09/2023,"25,901.10"
8/09/2023,"25,909.50"
7/09/2023,"26,249.80"
6/09/2023,"25,758.00"
5/09/2023,"25,790.20"
4/09/2023,"25,823.30"
3/09/2023,"25,971.00"
2/09/2023,"25,869.70"
1/09/2023,"25,803.20"
31/08/2023,"25,937.30"
30/08/2023,"27,298.80"
29/08/2023,"27,723.90"
28/08/2023,"26,118.90"
27/08/2023,"26,100.60"
26/08/2023,"26,017.10"
25/08/2023,"26,057.20"
24/08/2023,"26,177.00"
23/08/2023,"26,436.20"
22/08/2023,"26,039.90"
21/08/2023,"26,126.00"
20/08/2023,"26,190.80"
19/08/2023,"26,099.40"
18/08/2023,"26,053.20"
17/08/2023,"26,635.70"
16/08/2023,"28,726.30"
15/08/2023,"29,195.30"
14/08/2023,"29,426.70"
13/08/2023,"29,300.10"
12/08/2023,"29,428.20"
11/08/2023,"29,420.80"
10/08/2023,"29,449.00"
9/08/2023,"29,578.00"
8/08/2023,"29,777.40"
7/08/2023,"29,204.20"
6/08/2023,"29,081.30"
5/08/2023,"29,068.10"
4/08/2023,"29,105.50"
3/08/2023,"29,189.30"
2/08/2023,"29,173.70"
1/08/2023,"29,712.20"
31/07/2023,"29,232.40"
30/07/2023,"29,281.70"
29/07/2023,"29,353.50"
28/07/2023,"29,315.00"
27/07/2023,"29,222.70"
26/07/2023,"29,352.20"
25/07/2023,"29,228.60"
24/07/2023,"29,178.10"
23/07/2023,"30,085.90"
22/07/2023,"29,788.90"
21/07/2023,"29,903.10"
20/07/2023,"29,801.00"
19/07/2023,"29,909.70"
18/07/2023,"29,866.80"
17/07/2023,"30,139.70"
16/07/2023,"30,235.50"
15/07/2023,"30,291.40"
14/07/2023,"30,317.40"
13/07/2023,"31,466.10"
12/07/2023,"30,387.30"
11/07/2023,"30,623.30"
10/07/2023,"30,415.30"
9/07/2023,"30,166.90"
8/07/2023,"30,288.80"
7/07/2023,"30,346.40"
6/07/2023,"29,913.10"
5/07/2023,"30,512.80"
4/07/2023,"30,768.40"
3/07/2023,"31,151.30"
2/07/2023,"30,617.70"
1/07/2023,"30,586.80"
30/06/2023,"30,472.90"
29/06/2023,"30,445.70"
28/06/2023,"30,078.60"
27/06/2023,"30,689.10"
26/06/2023,"30,267.00"
25/06/2023,"30,465.30"
24/06/2023,"30,533.60"
23/06/2023,"30,679.40"
22/06/2023,"29,890.50"
21/06/2023,"29,996.90"
20/06/2023,"28,307.70"
19/06/2023,"26,845.90"
18/06/2023,"26,339.70"
17/06/2023,"26,515.00"
16/06/2023,"26,341.30"
15/06/2023,"25,591.30"
14/06/2023,"25,129.50"
13/06/2023,"25,929.40"
12/06/2023,"25,906.80"
11/06/2023,"25,928.40"
10/06/2023,"25,844.00"
9/06/2023,"26,479.30"
8/06/2023,"26,501.10"
7/06/2023,"26,342.50"
6/06/2023,"27,230.20"
5/06/2023,"25,747.40"
4/06/2023,"27,122.30"
3/06/2023,"27,072.00"
2/06/2023,"27,244.70"
1/06/2023,"26,819.00"
31/05/2023,"27,216.10"
30/05/2023,"27,698.20"
29/05/2023,"27,739.40"
28/05/2023,"28,071.20"
27/05/2023,"26,857.50"
26/05/2023,"26,711.50"
25/05/2023,"26,475.80"
24/05/2023,"26,328.40"
23/05/2023,"27,220.70"
22/05/2023,"26,847.30"
21/05/2023,"26,749.90"
20/05/2023,"27,116.20"
19/05/2023,"26,882.90"
18/05/2023,"26,828.00"
17/05/2023,"27,403.10"
16/05/2023,"27,035.30"
15/05/2023,"27,183.90"
14/05/2023,"26,920.00"
13/05/2023,"26,777.50"
12/05/2023,"26,799.20"
11/05/2023,"26,983.50"
10/05/2023,"27,603.30"
9/05/2023,"27,634.90"
8/05/2023,"27,670.50"
7/05/2023,"28,424.80"
6/05/2023,"28,857.10"
5/05/2023,"29,513.20"
4/05/2023,"28,842.10"
3/05/2023,"29,023.60"
2/05/2023,"28,669.10"
1/05/2023,"28,077.60"
30/04/2023,"29,252.10"
29/04/2023,"29,234.10"
28/04/2023,"29,321.80"
27/04/2023,"29,475.90"
26/04/2023,"28,424.60"
25/04/2023,"28,298.80"
24/04/2023,"27,509.30"
23/04/2023,"27,591.40"
22/04/2023,"27,813.90"
21/04/2023,"27,264.80"
20/04/2023,"28,240.50"
19/04/2023,"28,813.70"
18/04/2023,"30,382.20"
17/04/2023,"29,434.90"
16/04/2023,"30,310.30"
15/04/2023,"30,299.60"
14/04/2023,"30,472.50"
13/04/2023,"30,387.40"
12/04/2023,"29,886.40"
11/04/2023,"30,209.60"
10/04/2023,"29,641.00"
9/04/2023,"28,326.60"
8/04/2023,"27,941.20"
7/04/2023,"27,910.40"
6/04/2023,"28,036.70"
5/04/2023,"28,173.50"
4/04/2023,"28,164.40"
3/04/2023,"27,802.10"
2/04/2023,"28,198.30"
1/04/2023,"28,456.10"
31/03/2023,"28,473.70"
30/03/2023,"28,029.50"
29/03/2023,"28,350.40"
28/03/2023,"27,262.20"
27/03/2023,"27,129.80"
26/03/2023,"27,973.50"
25/03/2023,"27,475.60"
24/03/2023,"27,462.20"
23/03/2023,"28,310.70"
22/03/2023,"27,261.70"
21/03/2023,"28,114.00"
20/03/2023,"27,720.50"
19/03/2023,"27,958.70"
18/03/2023,"26,914.50"
17/03/2023,"27,391.80"
16/03/2023,"25,004.10"
15/03/2023,"24,282.70"
14/03/2023,"24,699.70"
13/03/2023,"24,114.40"
12/03/2023,"21,994.80"
11/03/2023,"20,467.50"
10/03/2023,"20,156.70"
9/03/2023,"20,361.80"
8/03/2023,"21,710.80"
7/03/2023,"22,197.80"
6/03/2023,"22,410.00"
5/03/2023,"22,428.30"
4/03/2023,"22,347.10"
3/03/2023,"22,354.40"
2/03/2023,"23,465.40"
1/03/2023,"23,642.20"
28/02/2023,"23,130.50"
27/02/2023,"23,494.10"
26/02/2023,"23,558.70"
25/02/2023,"23,166.10"
24/02/2023,"23,191.50"
23/02/2023,"23,936.30"
22/02/2023,"24,186.60"
21/02/2023,"24,450.70"
20/02/2023,"24,839.50"
19/02/2023,"24,302.90"
18/02/2023,"24,631.40"
17/02/2023,"24,573.50"
16/02/2023,"23,539.60"
15/02/2023,"24,327.90"
14/02/2023,"22,198.50"
13/02/2023,"21,772.60"
12/02/2023,"21,786.80"
11/02/2023,"21,859.80"
10/02/2023,"21,635.00"
9/02/2023,"21,792.50"
8/02/2023,"22,964.60"
7/02/2023,"23,251.70"
6/02/2023,"22,761.80"
5/02/2023,"22,936.00"
4/02/2023,"23,323.80"
3/02/2023,"23,431.20"
2/02/2023,"23,427.60"
1/02/2023,"23,725.60"
31/01/2023,"23,125.10"
30/01/2023,"22,832.20"
29/01/2023,"23,753.10"
28/01/2023,"23,027.90"
27/01/2023,"23,074.60"
26/01/2023,"23,016.00"
25/01/2023,"23,055.10"
24/01/2023,"22,632.50"
23/01/2023,"22,915.50"
22/01/2023,"22,707.80"
21/01/2023,"22,775.70"
20/01/2023,"22,677.20"
19/01/2023,"21,081.20"
18/01/2023,"20,670.60"
17/01/2023,"21,137.10"
16/01/2023,"21,184.20"
15/01/2023,"20,879.80"
14/01/2023,"20,958.20"
13/01/2023,"19,927.00"
12/01/2023,"18,851.30"
11/01/2023,"17,942.30"
10/01/2023,"17,439.10"
9/01/2023,"17,180.10"
8/01/2023,"17,119.00"
7/01/2023,"16,943.60"
6/01/2023,"16,950.90"
5/01/2023,"16,829.80"
4/01/2023,"16,852.10"
3/01/2023,"16,674.20"
2/01/2023,"16,674.30"
1/01/2023,"16,618.40"
31/12/2022,"16,537.40"
30/12/2022,"16,607.20"
29/12/2022,"16,636.40"
28/12/2022,"16,546.20"
27/12/2022,"16,706.10"
26/12/2022,"16,918.10"
25/12/2022,"16,831.80"
24/12/2022,"16,837.20"
23/12/2022,"16,779.10"
22/12/2022,"16,820.60"
21/12/2022,"16,831.80"
20/12/2022,"16,902.80"
19/12/2022,"16,441.30"
18/12/2022,"16,741.10"
17/12/2022,"16,777.10"
16/12/2022,"16,629.60"
15/12/2022,"17,356.10"
14/12/2022,"17,796.40"
13/12/2022,"17,778.60"
12/12/2022,"17,210.40"
11/12/2022,"17,093.30"
10/12/2022,"17,127.20"
9/12/2022,"17,125.70"
8/12/2022,"17,225.70"
7/12/2022,"16,835.20"
6/12/2022,"17,089.30"
5/12/2022,"16,966.50"
4/12/2022,"17,112.60"
3/12/2022,"16,884.50"
2/12/2022,"17,093.60"
1/12/2022,"16,972.00"
30/11/2022,"17,163.90"
29/11/2022,"16,440.40"
28/11/2022,"16,211.70"
27/11/2022,"16,425.60"
26/11/2022,"16,456.50"
25/11/2022,"16,512.30"
24/11/2022,"16,601.20"
23/11/2022,"16,623.90"
22/11/2022,"16,212.90"
21/11/2022,"15,776.20"
20/11/2022,"16,286.70"
19/11/2022,"16,699.20"
18/11/2022,"16,638.30"
17/11/2022,"16,691.20"
16/11/2022,"16,540.50"
15/11/2022,"16,895.10"
14/11/2022,"16,613.70"
13/11/2022,"16,324.50"
12/11/2022,"16,795.20"
11/11/2022,"17,049.90"
10/11/2022,"17,589.10"
9/11/2022,"15,886.90"
8/11/2022,"18,527.40"
7/11/2022,"20,589.00"
6/11/2022,"20,916.30"
5/11/2022,"21,301.60"
4/11/2022,"21,145.90"
3/11/2022,"20,206.40"
2/11/2022,"20,154.40"
1/11/2022,"20,483.50"
31/10/2022,"20,496.30"
30/10/2022,"20,626.30"
29/10/2022,"20,809.80"
28/10/2022,"20,594.40"
27/10/2022,"20,292.90"
26/10/2022,"20,769.50"
25/10/2022,"20,082.70"
24/10/2022,"19,331.50"
23/10/2022,"19,571.20"
22/10/2022,"19,204.80"
21/10/2022,"19,162.60"
20/10/2022,"19,042.90"
19/10/2022,"19,123.90"
18/10/2022,"19,328.20"
17/10/2022,"19,548.20"
16/10/2022,"19,261.90"
15/10/2022,"19,068.70"
14/10/2022,"19,181.80"
13/10/2022,"19,379.80"
12/10/2022,"19,154.80"
11/10/2022,"19,059.10"
10/10/2022,"19,134.60"
9/10/2022,"19,441.00"
8/10/2022,"19,415.00"
7/10/2022,"19,531.30"
6/10/2022,"19,956.70"
5/10/2022,"20,157.50"
4/10/2022,"20,340.20"
3/10/2022,"19,628.30"
2/10/2022,"19,052.20"
1/10/2022,"19,311.90"
30/09/2022,"19,423.00"
29/09/2022,"19,593.00"
28/09/2022,"19,411.00"
27/09/2022,"19,081.00"
26/09/2022,"19,225.70"
25/09/2022,"18,803.20"
24/09/2022,"18,925.20"
23/09/2022,"19,293.50"
22/09/2022,"19,404.00"
21/09/2022,"18,489.00"
20/09/2022,"18,872.40"
19/09/2022,"19,538.90"
18/09/2022,"19,418.80"
17/09/2022,"20,113.50"
16/09/2022,"19,802.40"
15/09/2022,"19,701.70"
14/09/2022,"20,222.50"
13/09/2022,"20,175.50"
12/09/2022,"22,395.30"
11/09/2022,"21,834.90"
10/09/2022,"21,650.40"
9/09/2022,"21,365.20"
8/09/2022,"19,317.40"
7/09/2022,"19,281.50"
6/09/2022,"18,786.40"
5/09/2022,"19,793.10"
4/09/2022,"19,999.90"
3/09/2022,"19,831.40"
2/09/2022,"19,952.70"
1/09/2022,"20,126.10"
31/08/2022,"20,043.90"
30/08/2022,"19,792.60"
29/08/2022,"20,295.80"
28/08/2022,"19,550.20"
27/08/2022,"20,033.90"
26/08/2022,"20,249.90"
25/08/2022,"21,565.40"
24/08/2022,"21,365.20"
23/08/2022,"21,517.20"
22/08/2022,"21,416.30"
21/08/2022,"21,517.20"
20/08/2022,"21,138.90"
19/08/2022,"20,831.30"
18/08/2022,"23,203.60"
17/08/2022,"23,338.00"
16/08/2022,"23,856.80"
15/08/2022,"24,101.70"
14/08/2022,"24,302.80"
13/08/2022,"24,442.50"
12/08/2022,"24,398.70"
11/08/2022,"23,935.30"
10/08/2022,"23,962.90"
9/08/2022,"23,146.70"
8/08/2022,"23,816.30"
7/08/2022,"23,175.30"
6/08/2022,"22,944.20"
5/08/2022,"23,308.20"
4/08/2022,"22,612.10"
3/08/2022,"22,820.80"
2/08/2022,"22,988.60"
1/08/2022,"23,271.20"
31/07/2022,"23,303.40"
30/07/2022,"23,634.20"
29/07/2022,"23,774.30"
28/07/2022,"23,850.00"
27/07/2022,"22,958.30"
26/07/2022,"21,248.70"
25/07/2022,"21,301.90"
24/07/2022,"22,582.10"
23/07/2022,"22,460.40"
22/07/2022,"22,675.20"
21/07/2022,"23,153.00"
20/07/2022,"23,215.20"
19/07/2022,"23,410.20"
18/07/2022,"22,525.80"
17/07/2022,"20,785.60"
16/07/2022,"21,209.90"
15/07/2022,"20,825.10"
14/07/2022,"20,586.00"
13/07/2022,"20,250.00"
12/07/2022,"19,330.90"
11/07/2022,"19,963.20"
10/07/2022,"20,847.40"
9/07/2022,"21,587.50"
8/07/2022,"21,611.20"
7/07/2022,"21,637.80"
6/07/2022,"20,561.10"
5/07/2022,"20,200.60"
4/07/2022,"20,215.80"
3/07/2022,"19,309.90"
2/07/2022,"19,243.20"
1/07/2022,"19,262.90"
30/06/2022,"19,926.60"
29/06/2022,"20,111.30"
28/06/2022,"20,278.00"
27/06/2022,"20,730.20"
26/06/2022,"21,043.50"
25/06/2022,"21,489.90"
24/06/2022,"21,226.90"
23/06/2022,"21,100.70"
22/06/2022,"19,965.80"
21/06/2022,"20,720.40"
20/06/2022,"20,572.30"
19/06/2022,"20,577.20"
18/06/2022,"18,986.50"
17/06/2022,"20,444.60"
16/06/2022,"20,386.60"
15/06/2022,"22,577.90"
14/06/2022,"22,157.30"
13/06/2022,"22,448.00"
12/06/2022,"26,606.30"
11/06/2022,"28,403.40"
10/06/2022,"29,083.30"
9/06/2022,"30,097.80"
8/06/2022,"30,201.60"
7/06/2022,"31,128.80"
6/06/2022,"31,367.60"
5/06/2022,"29,913.00"
4/06/2022,"29,864.30"
3/06/2022,"29,700.90"
2/06/2022,"30,455.50"
1/06/2022,"29,798.50"
31/05/2022,"31,793.40"
30/05/2022,"31,723.30"
29/05/2022,"29,465.20"
28/05/2022,"29,027.10"
27/05/2022,"28,601.20"
26/05/2022,"29,203.50"
25/05/2022,"29,540.60"
24/05/2022,"29,648.70"
23/05/2022,"29,093.30"
22/05/2022,"30,286.60"
21/05/2022,"29,434.60"
20/05/2022,"29,178.60"
19/05/2022,"30,305.90"
18/05/2022,"28,683.70"
17/05/2022,"30,437.50"
16/05/2022,"29,849.00"
15/05/2022,"31,308.70"
14/05/2022,"30,080.40"
13/05/2022,"29,284.40"
12/05/2022,"28,976.00"
11/05/2022,"29,068.20"
10/05/2022,"31,007.50"
9/05/2022,"30,095.00"
8/05/2022,"34,060.00"
7/05/2022,"35,468.00"
6/05/2022,"36,009.00"
5/05/2022,"36,544.00"
4/05/2022,"39,688.00"
3/05/2022,"37,718.00"
2/05/2022,"38,514.00"
1/05/2022,"38,461.00"
30/04/2022,"37,650.00"
29/04/2022,"38,581.00"
28/04/2022,"39,748.00"
27/04/2022,"39,243.00"
26/04/2022,"38,113.00"
25/04/2022,"40,427.00"
24/04/2022,"39,464.00"
23/04/2022,"39,418.00"
22/04/2022,"39,709.00"
21/04/2022,"40,482.00"
20/04/2022,"41,368.00"
19/04/2022,"41,503.00"
18/04/2022,"40,803.00"
17/04/2022,"39,703.00"
16/04/2022,"40,382.00"
15/04/2022,"40,560.00"
14/04/2022,"39,936.00"
13/04/2022,"41,133.00"
12/04/2022,"40,078.00"
11/04/2022,"39,497.00"
10/04/2022,"42,138.00"
9/04/2022,"42,767.00"
8/04/2022,"42,275.00"
7/04/2022,"43,448.00"
6/04/2022,"43,173.00"
5/04/2022,"45,506.00"
4/04/2022,"46,629.00"
3/04/2022,"46,407.00"
2/04/2022,"45,811.00"
1/04/2022,"46,297.00"
31/03/2022,"45,525.00"
30/03/2022,"47,075.00"
29/03/2022,"47,449.00"
28/03/2022,"47,105.00"
27/03/2022,"46,859.00"
26/03/2022,"44,548.00"
25/03/2022,"44,331.00"
24/03/2022,"44,013.00"
23/03/2022,"42,912.00"
22/03/2022,"42,373.00"
21/03/2022,"41,022.00"
20/03/2022,"41,276.00"
19/03/2022,"42,233.00"
18/03/2022,"41,767.80"
17/03/2022,"40,914.80"
16/03/2022,"41,118.70"
15/03/2022,"39,285.70"
14/03/2022,"39,671.10"
13/03/2022,"37,792.40"
12/03/2022,"38,814.30"
11/03/2022,"38,730.20"
10/03/2022,"39,416.30"
9/03/2022,"41,929.00"
8/03/2022,"38,744.80"
7/03/2022,"38,024.80"
6/03/2022,"38,403.10"
5/03/2022,"39,395.80"
4/03/2022,"39,142.70"
3/03/2022,"42,463.00"
2/03/2022,"43,912.80"
1/03/2022,"44,420.30"
28/02/2022,"43,188.20"
27/02/2022,"37,689.10"
26/02/2022,"39,115.50"
25/02/2022,"39,209.60"
24/02/2022,"38,339.20"
23/02/2022,"37,224.60"
22/02/2022,"38,248.20"
21/02/2022,"37,017.70"
20/02/2022,"38,355.00"
19/02/2022,"40,090.30"
18/02/2022,"40,000.10"
17/02/2022,"40,552.80"
16/02/2022,"43,883.60"
15/02/2022,"44,544.40"
14/02/2022,"42,550.30"
13/02/2022,"42,061.10"
12/02/2022,"42,205.20"
11/02/2022,"42,388.40"
10/02/2022,"43,521.00"
9/02/2022,"44,388.90"
8/02/2022,"44,038.20"
7/02/2022,"43,833.90"
6/02/2022,"42,392.20"
5/02/2022,"41,412.10"
4/02/2022,"41,567.60"
3/02/2022,"37,287.80"
2/02/2022,"36,890.20"
1/02/2022,"38,709.70"
31/01/2022,"38,498.60"
30/01/2022,"37,917.70"
29/01/2022,"38,170.80"
28/01/2022,"37,745.10"
27/01/2022,"37,164.30"
26/01/2022,"36,800.40"
25/01/2022,"36,950.60"
24/01/2022,"36,686.30"
23/01/2022,"36,269.50"
22/01/2022,"35,075.20"
21/01/2022,"36,475.50"
20/01/2022,"40,715.90"
19/01/2022,"41,677.80"
18/01/2022,"42,364.60"
17/01/2022,"42,209.30"
16/01/2022,"43,079.10"
15/01/2022,"43,097.00"
14/01/2022,"43,073.30"
13/01/2022,"42,560.00"
12/01/2022,"43,901.00"
11/01/2022,"42,733.20"
10/01/2022,"41,832.20"
9/01/2022,"41,848.30"
8/01/2022,"41,672.00"
7/01/2022,"41,546.70"
6/01/2022,"43,097.50"
5/01/2022,"43,425.90"
4/01/2022,"45,837.30"
3/01/2022,"46,430.20"
2/01/2022,"47,311.80"
1/01/2022,"47,738.00"
31/12/2021,"46,219.50"
30/12/2021,"47,123.30"
29/12/2021,"46,461.70"
28/12/2021,"47,545.20"
27/12/2021,"50,678.20"
26/12/2021,"50,779.90"
25/12/2021,"50,406.40"
24/12/2021,"50,786.10"
23/12/2021,"50,801.00"
22/12/2021,"48,599.70"
21/12/2021,"48,902.00"
20/12/2021,"46,895.20"
19/12/2021,"46,704.50"
18/12/2021,"46,856.20"
17/12/2021,"46,172.20"
16/12/2021,"47,628.20"
15/12/2021,"48,871.50"
14/12/2021,"48,366.50"
13/12/2021,"46,703.60"
12/12/2021,"50,081.00"
11/12/2021,"49,314.50"
10/12/2021,"47,137.20"
9/12/2021,"47,596.60"
8/12/2021,"50,473.90"
7/12/2021,"50,595.20"
6/12/2021,"50,562.10"
5/12/2021,"49,405.50"
4/12/2021,"49,195.20"
3/12/2021,"53,631.50"
2/12/2021,"56,496.00"
1/12/2021,"57,210.30"
30/11/2021,"56,882.90"
29/11/2021,"57,794.80"
28/11/2021,"57,291.50"
27/11/2021,"54,765.90"
26/11/2021,"53,730.90"
25/11/2021,"58,935.10"
24/11/2021,"57,171.70"
23/11/2021,"57,573.20"
22/11/2021,"56,308.80"
21/11/2021,"58,714.30"
20/11/2021,"59,717.60"
19/11/2021,"58,083.40"
18/11/2021,"56,955.30"
17/11/2021,"60,367.80"
16/11/2021,"60,089.10"
15/11/2021,"63,597.90"
14/11/2021,"65,508.20"
13/11/2021,"64,398.60"
12/11/2021,"64,134.50"
11/11/2021,"64,806.70"
10/11/2021,"64,932.60"
9/11/2021,"66,904.40"
8/11/2021,"67,527.90"
7/11/2021,"63,273.20"
6/11/2021,"61,483.90"
5/11/2021,"60,974.30"
4/11/2021,"61,412.60"
3/11/2021,"62,918.50"
2/11/2021,"63,221.70"
1/11/2021,"60,915.30"
31/10/2021,"61,309.60"
30/10/2021,"61,840.10"
29/10/2021,"62,242.80"
28/10/2021,"60,582.50"
27/10/2021,"58,438.10"
26/10/2021,"60,310.80"
25/10/2021,"63,067.00"
24/10/2021,"60,866.50"
23/10/2021,"61,312.50"
22/10/2021,"60,690.30"
21/10/2021,"62,210.20"
20/10/2021,"65,979.10"
19/10/2021,"64,278.50"
18/10/2021,"62,056.30"
17/10/2021,"61,527.50"
16/10/2021,"60,861.10"
15/10/2021,"61,672.50"
14/10/2021,"57,345.80"
13/10/2021,"57,380.10"
12/10/2021,"56,015.90"
11/10/2021,"57,477.30"
10/10/2021,"54,687.70"
9/10/2021,"54,942.50"
8/10/2021,"53,914.70"
7/10/2021,"53,783.90"
6/10/2021,"55,323.20"
5/10/2021,"51,469.30"
4/10/2021,"49,227.30"
3/10/2021,"48,200.10"
2/10/2021,"47,666.90"
1/10/2021,"48,146.00"
30/09/2021,"43,823.30"
29/09/2021,"41,536.80"
28/09/2021,"41,022.30"
27/09/2021,"42,172.60"
26/09/2021,"43,203.40"
25/09/2021,"42,686.80"
24/09/2021,"42,819.90"
23/09/2021,"44,869.20"
22/09/2021,"43,551.60"
21/09/2021,"40,651.30"
20/09/2021,"42,870.60"
19/09/2021,"47,238.70"
18/09/2021,"48,306.70"
17/09/2021,"47,282.80"
16/09/2021,"47,748.00"
15/09/2021,"48,130.60"
14/09/2021,"47,077.50"
13/09/2021,"44,949.50"
12/09/2021,"46,062.30"
11/09/2021,"45,161.90"
10/09/2021,"44,842.80"
9/09/2021,"46,385.60"
8/09/2021,"46,061.40"
7/09/2021,"46,779.60"
6/09/2021,"52,672.10"
5/09/2021,"51,768.60"
4/09/2021,"49,918.40"
3/09/2021,"49,999.00"
2/09/2021,"49,274.30"
1/09/2021,"48,819.40"
31/08/2021,"47,130.40"
30/08/2021,"46,992.70"
29/08/2021,"48,777.40"
28/08/2021,"48,897.10"
27/08/2021,"49,064.30"
26/08/2021,"46,831.60"
25/08/2021,"48,994.50"
24/08/2021,"47,714.70"
23/08/2021,"49,539.70"
22/08/2021,"49,254.50"
21/08/2021,"48,875.80"
20/08/2021,"49,324.00"
19/08/2021,"46,755.90"
18/08/2021,"44,723.80"
17/08/2021,"44,691.60"
16/08/2021,"45,996.30"
15/08/2021,"46,991.30"
14/08/2021,"47,081.50"
13/08/2021,"47,809.10"
12/08/2021,"44,403.40"
11/08/2021,"45,564.30"
10/08/2021,"45,593.80"
9/08/2021,"46,284.30"
8/08/2021,"43,792.80"
7/08/2021,"44,614.20"
6/08/2021,"42,795.40"
5/08/2021,"40,867.20"
4/08/2021,"39,736.90"
3/08/2021,"38,130.30"
2/08/2021,"39,168.40"
1/08/2021,"39,878.30"
31/07/2021,"41,553.70"
30/07/2021,"42,203.40"
29/07/2021,"40,001.40"
28/07/2021,"40,003.20"
27/07/2021,"39,452.00"
26/07/2021,"37,276.60"
25/07/2021,"35,391.10"
24/07/2021,"33,824.80"
23/07/2021,"33,603.30"
22/07/2021,"32,298.90"
21/07/2021,"32,131.40"
20/07/2021,"29,793.80"
19/07/2021,"30,837.20"
18/07/2021,"31,785.40"
17/07/2021,"31,518.60"
16/07/2021,"31,394.00"
15/07/2021,"31,840.50"
14/07/2021,"32,820.70"
13/07/2021,"32,728.10"
12/07/2021,"33,113.00"
11/07/2021,"34,227.70"
10/07/2021,"33,510.60"
9/07/2021,"33,797.40"
8/07/2021,"32,866.30"
7/07/2021,"33,867.80"
6/07/2021,"34,225.60"
5/07/2021,"33,687.80"
4/07/2021,"35,298.20"
3/07/2021,"34,742.80"
2/07/2021,"33,813.40"
1/07/2021,"33,543.60"
30/06/2021,"35,026.90"
29/06/2021,"35,834.70"
28/06/2021,"34,475.90"
27/06/2021,"34,678.50"
26/06/2021,"32,243.40"
25/06/2021,"31,594.00"
24/06/2021,"34,665.80"
23/06/2021,"33,674.30"
22/06/2021,"32,496.40"
21/06/2021,"31,692.00"
20/06/2021,"35,595.80"
19/06/2021,"35,513.40"
18/06/2021,"35,749.40"
17/06/2021,"38,052.00"
16/06/2021,"38,336.00"
15/06/2021,"40,156.10"
14/06/2021,"40,529.40"
13/06/2021,"39,022.90"
12/06/2021,"35,467.50"
11/06/2021,"37,314.60"
10/06/2021,"36,649.40"
9/06/2021,"37,332.20"
8/06/2021,"33,382.90"
7/06/2021,"33,578.00"
6/06/2021,"35,815.40"
5/06/2021,"35,520.00"
4/06/2021,"36,851.30"
3/06/2021,"39,187.30"
2/06/2021,"37,555.80"
1/06/2021,"36,687.60"
31/05/2021,"37,298.60"
30/05/2021,"35,652.80"
29/05/2021,"34,584.60"
28/05/2021,"35,662.50"
27/05/2021,"38,417.30"
26/05/2021,"39,249.20"
25/05/2021,"38,378.30"
24/05/2021,"38,750.60"
23/05/2021,"34,679.70"
22/05/2021,"37,448.30"
21/05/2021,"37,297.40"
20/05/2021,"40,717.20"
19/05/2021,"36,720.50"
18/05/2021,"42,897.30"
17/05/2021,"43,541.30"
16/05/2021,"46,426.40"
15/05/2021,"46,708.80"
14/05/2021,"49,839.80"
13/05/2021,"49,704.60"
12/05/2021,"49,384.20"
11/05/2021,"56,695.70"
10/05/2021,"55,848.90"
9/05/2021,"58,238.30"
8/05/2021,"58,840.10"
7/05/2021,"57,337.20"
6/05/2021,"56,405.40"
5/05/2021,"57,441.30"
4/05/2021,"53,741.50"
3/05/2021,"57,169.80"
2/05/2021,"56,603.80"
1/05/2021,"57,807.10"
30/04/2021,"57,720.30"
29/04/2021,"53,560.80"
28/04/2021,"54,841.40"
27/04/2021,"55,036.50"
26/04/2021,"54,020.50"
25/04/2021,"48,963.60"
24/04/2021,"50,088.90"
23/04/2021,"51,143.60"
22/04/2021,"51,729.50"
21/04/2021,"53,820.20"
20/04/2021,"56,483.20"
19/04/2021,"55,646.10"
18/04/2021,"56,207.10"
17/04/2021,"60,041.90"
16/04/2021,"61,379.70"
15/04/2021,"63,216.00"
14/04/2021,"62,980.40"
13/04/2021,"63,540.90"
12/04/2021,"59,863.80"
11/04/2021,"59,978.70"
10/04/2021,"59,748.40"
9/04/2021,"58,118.70"
8/04/2021,"58,077.40"
7/04/2021,"55,948.70"
6/04/2021,"57,996.30"
5/04/2021,"58,993.40"
4/04/2021,"58,199.90"
3/04/2021,"57,059.90"
2/04/2021,"58,977.30"
1/04/2021,"58,718.30"
31/03/2021,"58,763.70"
30/03/2021,"58,771.30"
29/03/2021,"57,616.20"
28/03/2021,"55,765.20"
27/03/2021,"55,862.90"
26/03/2021,"55,036.10"
25/03/2021,"51,322.30"
24/03/2021,"52,325.40"
23/03/2021,"54,452.50"
22/03/2021,"54,158.30"
21/03/2021,"57,383.80"
20/03/2021,"58,093.40"
19/03/2021,"58,088.00"
18/03/2021,"57,656.00"
17/03/2021,"58,913.50"
16/03/2021,"56,889.70"
15/03/2021,"55,791.30"
14/03/2021,"59,113.70"
13/03/2021,"61,195.30"
12/03/2021,"57,265.10"
11/03/2021,"57,799.50"
10/03/2021,"55,851.90"
9/03/2021,"54,879.00"
8/03/2021,"52,311.00"
7/03/2021,"50,982.30"
6/03/2021,"48,855.60"
5/03/2021,"48,792.50"
4/03/2021,"48,428.00"
3/03/2021,"50,395.10"
2/03/2021,"48,424.20"
1/03/2021,"49,595.50"
28/02/2021,"45,164.00"
27/02/2021,"46,136.70"
26/02/2021,"46,345.60"
25/02/2021,"46,928.50"
24/02/2021,"49,697.50"
23/02/2021,"48,911.20"
22/02/2021,"54,111.80"
21/02/2021,"57,433.80"
20/02/2021,"55,923.70"
19/02/2021,"55,906.60"
18/02/2021,"51,582.20"
17/02/2021,"52,079.20"
16/02/2021,"49,169.70"
15/02/2021,"47,936.30"
14/02/2021,"48,643.40"
13/02/2021,"47,168.70"
12/02/2021,"47,371.70"
11/02/2021,"47,990.70"
10/02/2021,"44,836.00"
9/02/2021,"46,508.60"
8/02/2021,"46,395.70"
7/02/2021,"38,852.90"
6/02/2021,"39,256.60"
5/02/2021,"38,297.60"
4/02/2021,"36,982.10"
3/02/2021,"37,646.80"
2/02/2021,"35,485.20"
1/02/2021,"33,515.70"
31/01/2021,"33,108.10"
30/01/2021,"34,283.10"
29/01/2021,"34,301.80"
28/01/2021,"33,374.80"
27/01/2021,"30,404.00"
26/01/2021,"32,502.10"
25/01/2021,"32,252.30"
24/01/2021,"32,241.30"
23/01/2021,"32,088.90"
22/01/2021,"33,000.50"
21/01/2021,"30,842.10"
20/01/2021,"35,476.30"
19/01/2021,"36,002.90"
18/01/2021,"36,613.20"
17/01/2021,"35,839.60"
16/01/2021,"36,019.50"
15/01/2021,"36,845.80"
14/01/2021,"39,175.70"
13/01/2021,"37,382.20"
12/01/2021,"34,076.10"
11/01/2021,"35,544.30"
10/01/2021,"38,192.20"
9/01/2021,"40,151.90"
8/01/2021,"40,599.30"
7/01/2021,"39,460.20"
6/01/2021,"36,793.20"
5/01/2021,"33,991.50"
4/01/2021,"32,022.60"
3/01/2021,"32,958.90"
2/01/2021,"32,193.30"
1/01/2021,"29,359.90"
31/12/2020,"28,949.40"
30/12/2020,"28,868.70"
29/12/2020,"27,376.00"
28/12/2020,"27,057.80"
27/12/2020,"26,261.30"
26/12/2020,"26,454.40"
25/12/2020,"24,689.60"
24/12/2020,"23,736.50"
23/12/2020,"23,257.90"
22/12/2020,"23,823.20"
21/12/2020,"22,728.50"
20/12/2020,"23,474.90"
19/12/2020,"23,844.00"
18/12/2020,"23,127.90"
17/12/2020,"22,825.40"
16/12/2020,"21,352.20"
15/12/2020,"19,434.90"
14/12/2020,"19,273.80"
13/12/2020,"19,176.80"
12/12/2020,"18,808.90"
11/12/2020,"18,023.60"
10/12/2020,"18,247.20"
9/12/2020,"18,546.00"
8/12/2020,"18,326.60"
7/12/2020,"19,170.70"
6/12/2020,"19,379.90"
5/12/2020,"19,146.50"
4/12/2020,"18,658.10"
3/12/2020,"19,433.30"
2/12/2020,"19,218.80"
1/12/2020,"18,770.70"
30/11/2020,"19,698.10"
29/11/2020,"18,185.50"
28/11/2020,"17,730.70"
27/11/2020,"17,127.10"
26/11/2020,"17,162.00"
25/11/2020,"18,723.00"
24/11/2020,"19,152.60"
23/11/2020,"18,379.60"
22/11/2020,"18,412.90"
21/11/2020,"18,687.20"
20/11/2020,"18,675.20"
19/11/2020,"17,803.50"
18/11/2020,"17,774.60"
17/11/2020,"17,662.30"
16/11/2020,"16,715.80"
15/11/2020,"15,953.00"
14/11/2020,"16,071.00"
13/11/2020,"16,324.20"
12/11/2020,"16,294.70"
11/11/2020,"15,695.80"
10/11/2020,"15,303.60"
9/11/2020,"15,327.20"
8/11/2020,"15,483.70"
7/11/2020,"14,828.40"
6/11/2020,"15,577.90"
5/11/2020,"15,587.10"
4/11/2020,"14,145.60"
3/11/2020,"14,019.90"
2/11/2020,"13,561.40"
1/11/2020,"13,759.40"
31/10/2020,"13,797.30"
30/10/2020,"13,559.90"
29/10/2020,"13,457.20"
28/10/2020,"13,278.90"
27/10/2020,"13,657.80"
26/10/2020,"13,061.60"
25/10/2020,"13,032.20"
24/10/2020,"13,117.20"
23/10/2020,"12,934.10"
22/10/2020,"12,974.60"
21/10/2020,"12,808.70"
20/10/2020,"11,913.50"
19/10/2020,"11,753.40"
18/10/2020,"11,506.90"
17/10/2020,"11,362.10"
16/10/2020,"11,322.00"
15/10/2020,"11,503.00"
14/10/2020,"11,420.40"
13/10/2020,"11,423.80"
12/10/2020,"11,533.90"
11/10/2020,"11,371.00"
10/10/2020,"11,298.40"
9/10/2020,"11,054.20"
8/10/2020,"10,924.10"
7/10/2020,"10,670.90"
6/10/2020,"10,602.60"
5/10/2020,"10,789.50"
4/10/2020,"10,672.90"
3/10/2020,"10,544.20"
2/10/2020,"10,572.30"
1/10/2020,"10,620.50"
30/09/2020,"10,776.10"
29/09/2020,"10,840.90"
28/09/2020,"10,693.20"
27/09/2020,"10,776.20"
26/09/2020,"10,727.90"
25/09/2020,"10,688.80"
24/09/2020,"10,739.40"
23/09/2020,"10,237.30"
22/09/2020,"10,531.50"
21/09/2020,"10,416.80"
20/09/2020,"10,921.50"
19/09/2020,"11,081.80"
18/09/2020,"10,933.00"
17/09/2020,"10,941.30"
16/09/2020,"10,949.50"
15/09/2020,"10,785.30"
14/09/2020,"10,675.30"
13/09/2020,"10,326.00"
12/09/2020,"10,441.90"
11/09/2020,"10,390.20"
10/09/2020,"10,339.70"
9/09/2020,"10,224.60"
8/09/2020,"10,126.60"
7/09/2020,"10,376.90"
6/09/2020,"10,296.40"
5/09/2020,"10,092.20"
4/09/2020,"10,472.50"
3/09/2020,"10,168.80"
2/09/2020,"11,413.30"
1/09/2020,"11,914.90"
31/08/2020,"11,644.20"
30/08/2020,"11,702.00"
29/08/2020,"11,468.10"
28/08/2020,"11,527.40"
27/08/2020,"11,327.40"
26/08/2020,"11,462.30"
25/08/2020,"11,324.80"
24/08/2020,"11,753.50"
23/08/2020,"11,641.60"
22/08/2020,"11,661.30"
21/08/2020,"11,529.20"
20/08/2020,"11,856.90"
19/08/2020,"11,750.20"
18/08/2020,"11,947.60"
17/08/2020,"12,282.60"
16/08/2020,"11,899.00"
15/08/2020,"11,845.30"
14/08/2020,"11,750.80"
13/08/2020,"11,770.90"
12/08/2020,"11,557.20"
11/08/2020,"11,390.40"
10/08/2020,"11,889.20"
9/08/2020,"11,681.20"
8/08/2020,"11,764.30"
7/08/2020,"11,592.00"
6/08/2020,"11,757.10"
5/08/2020,"11,735.10"
4/08/2020,"11,184.70"
3/08/2020,"11,224.40"
2/08/2020,"11,066.80"
1/08/2020,"11,803.10"
31/07/2020,"11,333.40"
30/07/2020,"11,096.20"
29/07/2020,"11,105.90"
28/07/2020,"10,908.50"
27/07/2020,"11,022.80"
26/07/2020,"9,932.50"
25/07/2020,"9,704.10"
24/07/2020,"9,546.40"
23/07/2020,"9,599.60"
22/07/2020,"9,513.70"
21/07/2020,"9,387.30"
20/07/2020,"9,162.40"
19/07/2020,"9,208.00"
18/07/2020,"9,170.20"
17/07/2020,"9,155.80"
16/07/2020,"9,135.30"
15/07/2020,"9,198.70"
14/07/2020,"9,253.40"
13/07/2020,"9,243.60"
12/07/2020,"9,300.80"
11/07/2020,"9,233.30"
10/07/2020,"9,285.10"
9/07/2020,"9,235.70"
8/07/2020,"9,429.90"
7/07/2020,"9,256.00"
6/07/2020,"9,339.00"
5/07/2020,"9,081.00"
4/07/2020,"9,134.40"
3/07/2020,"9,067.10"
2/07/2020,"9,085.10"
1/07/2020,"9,229.90"
30/06/2020,"9,135.40"
29/06/2020,"9,185.40"
28/06/2020,"9,124.00"
27/06/2020,"9,008.30"
26/06/2020,"9,160.00"
25/06/2020,"9,247.50"
24/06/2020,"9,302.00"
23/06/2020,"9,624.60"
22/06/2020,"9,683.70"
21/06/2020,"9,296.40"
20/06/2020,"9,358.80"
19/06/2020,"9,314.00"
18/06/2020,"9,388.10"
17/06/2020,"9,464.60"
16/06/2020,"9,523.50"
15/06/2020,"9,425.40"
14/06/2020,"9,345.30"
13/06/2020,"9,471.30"
12/06/2020,"9,466.60"
11/06/2020,"9,283.20"
10/06/2020,"9,878.80"
9/06/2020,"9,768.80"
8/06/2020,"9,777.90"
7/06/2020,"9,742.60"
6/06/2020,"9,669.60"
5/06/2020,"9,631.20"
4/06/2020,"9,794.40"
3/06/2020,"9,667.20"
2/06/2020,"9,527.60"
1/06/2020,"10,189.30"
31/05/2020,"9,454.80"
30/05/2020,"9,692.50"
29/05/2020,"9,424.80"
28/05/2020,"9,572.20"
27/05/2020,"9,199.10"
26/05/2020,"8,842.50"
25/05/2020,"8,898.20"
24/05/2020,"8,728.20"
23/05/2020,"9,177.00"
22/05/2020,"9,169.70"
21/05/2020,"9,059.00"
20/05/2020,"9,512.30"
19/05/2020,"9,773.30"
18/05/2020,"9,730.70"
17/05/2020,"9,677.70"
16/05/2020,"9,379.50"
15/05/2020,"9,318.00"
14/05/2020,"9,778.40"
13/05/2020,"9,298.70"
12/05/2020,"8,813.80"
11/05/2020,"8,579.80"
10/05/2020,"8,738.80"
9/05/2020,"9,554.60"
8/05/2020,"9,806.20"
7/05/2020,"9,979.80"
6/05/2020,"9,151.40"
5/05/2020,"9,001.00"
4/05/2020,"8,874.70"
3/05/2020,"8,885.50"
2/05/2020,"8,966.30"
1/05/2020,"8,821.60"
30/04/2020,"8,629.00"
29/04/2020,"8,770.90"
28/04/2020,"7,746.90"
27/04/2020,"7,766.00"
26/04/2020,"7,678.90"
25/04/2020,"7,540.40"
24/04/2020,"7,503.80"
23/04/2020,"7,488.50"
22/04/2020,"7,112.90"
21/04/2020,"6,842.50"
20/04/2020,"6,833.50"
19/04/2020,"7,122.90"
18/04/2020,"7,230.80"
17/04/2020,"7,035.80"
16/04/2020,"7,085.60"
15/04/2020,"6,629.10"
14/04/2020,"6,850.90"
13/04/2020,"6,841.30"
12/04/2020,"6,917.60"
11/04/2020,"6,867.80"
10/04/2020,"6,863.10"
9/04/2020,"7,289.00"
8/04/2020,"7,361.20"
7/04/2020,"7,185.20"
6/04/2020,"7,332.30"
5/04/2020,"6,772.70"
4/04/2020,"6,857.40"
3/04/2020,"6,735.90"
2/04/2020,"6,800.50"
1/04/2020,"6,638.50"
31/03/2020,"6,412.50"
30/03/2020,"6,391.00"
29/03/2020,"5,890.40"
28/03/2020,"6,233.70"
27/03/2020,"6,373.40"
26/03/2020,"6,725.10"
25/03/2020,"6,678.90"
24/03/2020,"6,744.60"
23/03/2020,"6,468.90"
22/03/2020,"5,822.10"
21/03/2020,"6,186.20"
20/03/2020,"6,205.30"
19/03/2020,"6,172.00"
18/03/2020,"5,361.40"
17/03/2020,"5,261.10"
16/03/2020,"5,030.00"
15/03/2020,"5,366.30"
14/03/2020,"5,182.70"
13/03/2020,"5,584.30"
12/03/2020,"4,826.00"
11/03/2020,"7,935.10"
10/03/2020,"7,891.20"
9/03/2020,"7,933.00"
8/03/2020,"8,034.10"
7/03/2020,"8,887.80"
6/03/2020,"9,134.80"
5/03/2020,"9,060.30"
4/03/2020,"8,757.90"
3/03/2020,"8,761.40"
2/03/2020,"8,904.80"
1/03/2020,"8,540.00"
29/02/2020,"8,543.70"
28/02/2020,"8,697.50"
27/02/2020,"8,818.60"
26/02/2020,"8,800.30"
25/02/2020,"9,317.20"
24/02/2020,"9,662.70"
23/02/2020,"9,942.70"
22/02/2020,"9,655.70"
21/02/2020,"9,684.50"
20/02/2020,"9,602.40"
19/02/2020,"9,609.40"
18/02/2020,"10,158.40"
17/02/2020,"9,701.40"
16/02/2020,"9,932.30"
15/02/2020,"9,907.70"
14/02/2020,"10,333.00"
13/02/2020,"10,235.10"
12/02/2020,"10,317.70"
11/02/2020,"10,229.50"
10/02/2020,"9,854.10"
9/02/2020,"10,151.50"
8/02/2020,"9,895.50"
7/02/2020,"9,818.60"
6/02/2020,"9,772.00"
5/02/2020,"9,611.80"
4/02/2020,"9,193.90"
3/02/2020,"9,296.60"
2/02/2020,"9,334.90"
1/02/2020,"9,381.60"
31/01/2020,"9,349.10"
30/01/2020,"9,507.30"
29/01/2020,"9,298.90"
28/01/2020,"9,377.30"
27/01/2020,"8,866.60"
26/01/2020,"8,607.80"
25/01/2020,"8,341.60"
24/01/2020,"8,439.90"
23/01/2020,"8,405.10"
22/01/2020,"8,678.50"
21/01/2020,"8,732.60"
20/01/2020,"8,641.90"
19/01/2020,"8,706.20"
18/01/2020,"8,916.30"
17/01/2020,"8,913.10"
16/01/2020,"8,726.90"
15/01/2020,"8,818.30"
14/01/2020,"8,829.20"
13/01/2020,"8,111.40"
12/01/2020,"8,187.60"
11/01/2020,"8,024.10"
10/01/2020,"8,187.10"
9/01/2020,"7,842.40"
8/01/2020,"8,059.60"
7/01/2020,"8,155.70"
6/01/2020,"7,759.10"
5/01/2020,"7,372.50"
4/01/2020,"7,376.80"
3/01/2020,"7,343.10"
2/01/2020,"6,967.00"
1/01/2020,"7,199.80"
31/12/2019,"7,196.40"
30/12/2019,"7,261.80"
29/12/2019,"7,397.50"
28/12/2019,"7,321.50"
27/12/2019,"7,261.70"
26/12/2019,"7,210.90"
25/12/2019,"7,224.80"
24/12/2019,"7,268.30"
23/12/2019,"7,322.80"
22/12/2019,"7,495.80"
21/12/2019,"7,156.20"
20/12/2019,"7,196.40"
19/12/2019,"7,165.50"
18/12/2019,"7,276.00"
17/12/2019,"6,613.30"
16/12/2019,"6,903.50"
15/12/2019,"7,128.50"
14/12/2019,"7,080.80"
13/12/2019,"7,255.20"
12/12/2019,"7,208.00"
11/12/2019,"7,208.00"
10/12/2019,"7,235.70"
9/12/2019,"7,355.80"
8/12/2019,"7,524.40"
7/12/2019,"7,510.90"
6/12/2019,"7,530.80"
5/12/2019,"7,399.20"
4/12/2019,"7,204.40"
3/12/2019,"7,291.80"
2/12/2019,"7,298.20"
1/12/2019,"7,396.40"
30/11/2019,"7,546.60"
29/11/2019,"7,742.70"
28/11/2019,"7,426.70"
27/11/2019,"7,510.60"
26/11/2019,"7,162.80"
25/11/2019,"7,115.60"
24/11/2019,"6,924.70"
23/11/2019,"7,324.10"
22/11/2019,"7,272.50"
21/11/2019,"7,627.90"
20/11/2019,"8,099.30"
19/11/2019,"8,145.70"
18/11/2019,"8,208.40"
17/11/2019,"8,509.80"
16/11/2019,"8,497.30"
15/11/2019,"8,476.30"
14/11/2019,"8,661.20"
13/11/2019,"8,783.10"
12/11/2019,"8,812.60"
11/11/2019,"8,736.90"
10/11/2019,"9,036.80"
9/11/2019,"8,804.50"
8/11/2019,"8,778.20"
7/11/2019,"9,223.50"
6/11/2019,"9,338.90"
5/11/2019,"9,310.80"
4/11/2019,"9,396.40"
3/11/2019,"9,198.30"
2/11/2019,"9,300.60"
1/11/2019,"9,230.10"
31/10/2019,"9,152.60"
30/10/2019,"9,157.90"
29/10/2019,"9,411.30"
28/10/2019,"9,207.20"
27/10/2019,"9,529.60"
26/10/2019,"9,230.60"
25/10/2019,"8,658.30"
24/10/2019,"7,422.70"
23/10/2019,"7,477.00"
22/10/2019,"8,031.40"
21/10/2019,"8,208.20"
20/10/2019,"8,223.40"
19/10/2019,"7,957.30"
18/10/2019,"7,948.50"
17/10/2019,"8,073.30"
16/10/2019,"8,000.40"
15/10/2019,"8,167.20"
14/10/2019,"8,353.30"
13/10/2019,"8,281.50"
12/10/2019,"8,304.40"
11/10/2019,"8,267.80"
10/10/2019,"8,562.30"
9/10/2019,"8,566.70"
8/10/2019,"8,182.90"
7/10/2019,"8,198.60"
6/10/2019,"7,881.90"
5/10/2019,"8,127.30"
4/10/2019,"8,148.10"
3/10/2019,"8,226.90"
2/10/2019,"8,364.10"
1/10/2019,"8,302.70"
30/09/2019,"8,284.30"
29/09/2019,"8,049.10"
28/09/2019,"8,208.50"
27/09/2019,"8,184.90"
26/09/2019,"8,063.80"
25/09/2019,"8,432.40"
24/09/2019,"8,513.90"
23/09/2019,"9,702.20"
22/09/2019,"10,031.60"
21/09/2019,"9,993.00"
20/09/2019,"10,172.70"
19/09/2019,"10,250.50"
18/09/2019,"10,164.70"
17/09/2019,"10,195.70"
16/09/2019,"10,255.50"
15/09/2019,"10,311.50"
14/09/2019,"10,337.30"
13/09/2019,"10,342.10"
12/09/2019,"10,415.10"
11/09/2019,"10,162.50"
10/09/2019,"10,105.40"
9/09/2019,"10,309.00"
8/09/2019,"10,402.80"
7/09/2019,"10,461.10"
6/09/2019,"10,309.30"
5/09/2019,"10,566.90"
4/09/2019,"10,568.20"
3/09/2019,"10,612.30"
2/09/2019,"10,348.80"
1/09/2019,"9,729.30"
31/08/2019,"9,594.40"
30/08/2019,"9,585.40"
29/08/2019,"9,491.00"
28/08/2019,"9,729.40"
27/08/2019,"10,184.80"
26/08/2019,"10,371.80"
25/08/2019,"10,136.30"
24/08/2019,"10,131.00"
23/08/2019,"10,388.70"
22/08/2019,"10,105.00"
21/08/2019,"10,141.50"
20/08/2019,"10,752.60"
19/08/2019,"10,910.70"
18/08/2019,"10,312.70"
17/08/2019,"10,218.10"
16/08/2019,"10,335.60"
15/08/2019,"10,303.40"
14/08/2019,"10,049.40"
13/08/2019,"10,892.90"
12/08/2019,"11,394.20"
11/08/2019,"11,517.20"
10/08/2019,"11,314.50"
9/08/2019,"12,089.80"
8/08/2019,"12,191.60"
7/08/2019,"12,013.90"
6/08/2019,"11,480.90"
5/08/2019,"11,816.80"
4/08/2019,"10,934.60"
3/08/2019,"10,815.70"
2/08/2019,"10,520.10"
1/08/2019,"10,380.00"
31/07/2019,"10,082.00"
30/07/2019,"9,580.70"
29/07/2019,"9,580.90"
28/07/2019,"9,727.80"
27/07/2019,"9,492.10"
26/07/2019,"9,831.00"
25/07/2019,"9,945.30"
24/07/2019,"9,804.30"
23/07/2019,"9,888.70"
22/07/2019,"10,412.50"
21/07/2019,"10,714.40"
20/07/2019,"10,826.70"
19/07/2019,"10,571.50"
18/07/2019,"10,651.40"
17/07/2019,"9,723.20"
16/07/2019,"9,424.80"
15/07/2019,"10,845.90"
14/07/2019,"10,200.10"
13/07/2019,"11,364.90"
12/07/2019,"11,762.10"
11/07/2019,"11,342.30"
10/07/2019,"12,110.60"
9/07/2019,"12,541.50"
8/07/2019,"12,252.60"
7/07/2019,"11,415.90"
6/07/2019,"11,268.00"
5/07/2019,"10,970.20"
4/07/2019,"11,163.10"
3/07/2019,"11,900.80"
2/07/2019,"10,835.90"
1/07/2019,"10,616.60"
30/06/2019,"10,818.60"
29/06/2019,"11,906.50"
28/06/2019,"12,409.10"
27/06/2019,"11,287.80"
26/06/2019,"13,063.80"
25/06/2019,"11,809.90"
24/06/2019,"11,046.40"
23/06/2019,"10,897.10"
22/06/2019,"10,721.70"
21/06/2019,"10,179.30"
20/06/2019,"9,517.00"
19/06/2019,"9,255.40"
18/06/2019,"9,080.60"
17/06/2019,"9,318.80"
16/06/2019,"8,962.50"
15/06/2019,"8,812.50"
14/06/2019,"8,656.10"
13/06/2019,"8,219.00"
12/06/2019,"8,133.10"
11/06/2019,"7,888.00"
10/06/2019,"7,987.80"
9/06/2019,"7,635.00"
8/06/2019,"7,901.40"
7/06/2019,"7,985.20"
6/06/2019,"7,784.90"
5/06/2019,"7,779.10"
4/06/2019,"7,685.50"
3/06/2019,"8,124.80"
2/06/2019,"8,728.60"
1/06/2019,"8,545.70"
31/05/2019,"8,558.30"
30/05/2019,"8,271.90"
29/05/2019,"8,647.80"
28/05/2019,"8,716.30"
27/05/2019,"8,760.10"
26/05/2019,"8,630.20"
25/05/2019,"8,027.40"
24/05/2019,"7,970.10"
23/05/2019,"7,852.10"
22/05/2019,"7,635.70"
21/05/2019,"7,930.30"
20/05/2019,"7,965.30"
19/05/2019,"8,157.20"
18/05/2019,"7,262.60"
17/05/2019,"7,359.50"
16/05/2019,"7,871.80"
15/05/2019,"8,164.60"
14/05/2019,"7,994.60"
13/05/2019,"7,806.00"
12/05/2019,"6,984.80"
11/05/2019,"7,190.30"
10/05/2019,"6,386.00"
9/05/2019,"6,191.50"
8/05/2019,"5,990.30"
7/05/2019,"5,849.50"
6/05/2019,"5,745.10"
5/05/2019,"5,774.90"
4/05/2019,"5,830.90"
3/05/2019,"5,766.80"
2/05/2019,"5,493.80"
1/05/2019,"5,384.20"
30/04/2019,"5,320.80"
29/04/2019,"5,235.00"
28/04/2019,"5,302.30"
27/04/2019,"5,265.90"
26/04/2019,"5,298.30"
25/04/2019,"5,209.10"
24/04/2019,"5,415.60"
23/04/2019,"5,511.60"
22/04/2019,"5,346.70"
21/04/2019,"5,243.50"
20/04/2019,"5,290.20"
19/04/2019,"5,241.00"
18/04/2019,"5,264.70"
17/04/2019,"5,208.30"
16/04/2019,"5,180.90"
15/04/2019,"5,032.30"
14/04/2019,"5,134.80"
13/04/2019,"5,051.80"
12/04/2019,"5,054.20"
11/04/2019,"5,022.60"
10/04/2019,"5,307.80"
9/04/2019,"5,158.40"
8/04/2019,"5,245.20"
7/04/2019,"5,173.60"
6/04/2019,"5,046.20"
5/04/2019,"5,010.20"
4/04/2019,"4,902.40"
3/04/2019,"4,968.70"
2/04/2019,"4,859.30"
1/04/2019,"4,145.10"
31/03/2019,"4,102.30"
30/03/2019,"4,111.80"
29/03/2019,"4,102.20"
28/03/2019,"4,025.60"
27/03/2019,"4,041.70"
26/03/2019,"3,942.80"
25/03/2019,"3,937.00"
24/03/2019,"3,994.70"
23/03/2019,"4,002.50"
22/03/2019,"3,990.40"
21/03/2019,"3,982.20"
20/03/2019,"4,041.20"
19/03/2019,"4,017.00"
18/03/2019,"3,990.20"
17/03/2019,"3,981.50"
16/03/2019,"4,006.40"
15/03/2019,"3,924.30"
14/03/2019,"3,879.00"
13/03/2019,"3,865.10"
12/03/2019,"3,886.00"
11/03/2019,"3,870.30"
10/03/2019,"3,915.20"
9/03/2019,"3,944.30"
8/03/2019,"3,865.90"
7/03/2019,"3,875.10"
6/03/2019,"3,863.00"
5/03/2019,"3,857.20"
4/03/2019,"3,715.90"
3/03/2019,"3,809.50"
2/03/2019,"3,823.10"
1/03/2019,"3,821.90"
28/02/2019,"3,816.60"
27/02/2019,"3,814.60"
26/02/2019,"3,810.30"
25/02/2019,"3,833.70"
24/02/2019,"3,755.20"
23/02/2019,"4,120.40"
22/02/2019,"3,965.20"
21/02/2019,"3,936.60"
20/02/2019,"3,972.40"
19/02/2019,"3,914.30"
18/02/2019,"3,896.00"
17/02/2019,"3,664.20"
16/02/2019,"3,616.80"
15/02/2019,"3,604.70"
14/02/2019,"3,592.60"
13/02/2019,"3,611.50"
12/02/2019,"3,632.00"
11/02/2019,"3,631.80"
10/02/2019,"3,679.00"
9/02/2019,"3,661.40"
8/02/2019,"3,661.70"
7/02/2019,"3,397.70"
6/02/2019,"3,404.30"
5/02/2019,"3,468.40"
4/02/2019,"3,462.80"
3/02/2019,"3,459.10"
2/02/2019,"3,502.50"
1/02/2019,"3,467.90"
31/01/2019,"3,437.20"
30/01/2019,"3,460.00"
29/01/2019,"3,414.80"
28/01/2019,"3,442.80"
27/01/2019,"3,555.60"
26/01/2019,"3,570.90"
25/01/2019,"3,572.00"
24/01/2019,"3,574.30"
23/01/2019,"3,561.50"
22/01/2019,"3,580.10"
21/01/2019,"3,536.70"
20/01/2019,"3,542.30"
19/01/2019,"3,677.80"
18/01/2019,"3,605.60"
17/01/2019,"3,626.40"
16/01/2019,"3,588.00"
15/01/2019,"3,571.30"
14/01/2019,"3,638.10"
13/01/2019,"3,490.20"
12/01/2019,"3,597.20"
11/01/2019,"3,616.50"
10/01/2019,"3,603.70"
9/01/2019,"3,978.00"
8/01/2019,"3,971.00"
7/01/2019,"3,985.90"
6/01/2019,"4,004.10"
5/01/2019,"3,785.40"
4/01/2019,"3,802.70"
3/01/2019,"3,780.10"
2/01/2019,"3,873.80"
1/01/2019,"3,809.40"
31/12/2018,"3,709.40"
30/12/2018,"3,815.00"
29/12/2018,"3,706.80"
28/12/2018,"3,861.60"
27/12/2018,"3,586.90"
26/12/2018,"3,793.70"
25/12/2018,"3,762.50"
24/12/2018,"4,026.10"
23/12/2018,"3,944.40"
22/12/2018,"3,964.40"
21/12/2018,"3,850.90"
20/12/2018,"4,076.00"
19/12/2018,"3,687.10"
18/12/2018,"3,668.00"
17/12/2018,"3,526.10"
16/12/2018,"3,247.90"
15/12/2018,"3,228.70"
14/12/2018,"3,247.80"
13/12/2018,"3,315.30"
12/12/2018,"3,466.10"
11/12/2018,"3,407.70"
10/12/2018,"3,460.50"
9/12/2018,"3,567.50"
8/12/2018,"3,430.40"
7/12/2018,"3,422.20"
6/12/2018,"3,508.60"
5/12/2018,"3,771.60"
4/12/2018,"3,958.50"
3/12/2018,"3,897.80"
2/12/2018,"4,160.40"
1/12/2018,"4,196.20"
30/11/2018,"4,039.70"
29/11/2018,"4,296.50"
28/11/2018,"4,265.40"
27/11/2018,"3,866.50"
26/11/2018,"3,837.00"
25/11/2018,"4,062.20"
24/11/2018,"3,920.40"
23/11/2018,"4,398.00"
22/11/2018,"4,356.00"
21/11/2018,"4,638.70"
20/11/2018,"4,524.60"
19/11/2018,"4,883.80"
18/11/2018,"5,658.30"
17/11/2018,"5,621.80"
16/11/2018,"5,636.20"
15/11/2018,"5,718.90"
14/11/2018,"5,842.40"
13/11/2018,"6,429.20"
12/11/2018,"6,435.00"
11/11/2018,"6,446.10"
10/11/2018,"6,427.10"
9/11/2018,"6,412.00"
8/11/2018,"6,474.00"
7/11/2018,"6,565.30"
6/11/2018,"6,502.80"
5/11/2018,"6,459.70"
4/11/2018,"6,478.20"
3/11/2018,"6,386.20"
2/11/2018,"6,424.70"
1/11/2018,"6,400.50"
31/10/2018,"6,365.90"
30/10/2018,"6,325.70"
29/10/2018,"6,335.00"
28/10/2018,"6,486.10"
27/10/2018,"6,494.20"
26/10/2018,"6,510.00"
25/10/2018,"6,507.00"
24/10/2018,"6,530.70"
23/10/2018,"6,528.70"
22/10/2018,"6,555.80"
21/10/2018,"6,583.00"
20/10/2018,"6,572.20"
19/10/2018,"6,512.00"
18/10/2018,"6,574.10"
17/10/2018,"6,686.60"
16/10/2018,"6,705.30"
15/10/2018,"6,699.80"
14/10/2018,"6,326.80"
13/10/2018,"6,321.70"
12/10/2018,"6,291.30"
11/10/2018,"6,239.10"
10/10/2018,"6,618.00"
9/10/2018,"6,650.80"
8/10/2018,"6,669.60"
7/10/2018,"6,611.00"
6/10/2018,"6,596.30"
5/10/2018,"6,639.10"
4/10/2018,"6,584.20"
3/10/2018,"6,507.80"
2/10/2018,"6,549.90"
1/10/2018,"6,608.20"
30/09/2018,"6,635.20"
29/09/2018,"6,603.90"
28/09/2018,"6,636.00"
27/09/2018,"6,689.20"
26/09/2018,"6,468.10"
25/09/2018,"6,445.10"
24/09/2018,"6,584.10"
23/09/2018,"6,704.10"
22/09/2018,"6,729.60"
21/09/2018,"6,766.70"
20/09/2018,"6,489.20"
19/09/2018,"6,390.40"
18/09/2018,"6,342.00"
17/09/2018,"6,251.90"
16/09/2018,"6,500.20"
15/09/2018,"6,519.00"
14/09/2018,"6,483.70"
13/09/2018,"6,482.90"
12/09/2018,"6,338.00"
11/09/2018,"6,293.90"
10/09/2018,"6,321.00"
9/09/2018,"6,238.50"
8/09/2018,"6,184.30"
7/09/2018,"6,390.90"
6/09/2018,"6,514.00"
5/09/2018,"6,706.80"
4/09/2018,"7,377.50"
3/09/2018,"7,264.20"
2/09/2018,"7,293.90"
1/09/2018,"7,189.60"
31/08/2018,"7,033.80"
30/08/2018,"6,993.70"
29/08/2018,"7,029.10"
28/08/2018,"7,074.60"
27/08/2018,"6,897.60"
26/08/2018,"6,712.70"
25/08/2018,"6,734.80"
24/08/2018,"6,680.40"
23/08/2018,"6,521.20"
22/08/2018,"6,359.60"
21/08/2018,"6,482.20"
20/08/2018,"6,268.10"
19/08/2018,"6,481.50"
18/08/2018,"6,379.10"
17/08/2018,"6,581.70"
16/08/2018,"6,306.70"
15/08/2018,"6,256.90"
14/08/2018,"6,190.20"
13/08/2018,"6,255.30"
12/08/2018,"6,313.00"
11/08/2018,"6,231.60"
10/08/2018,"6,152.30"
9/08/2018,"6,538.80"
8/08/2018,"6,283.60"
7/08/2018,"6,724.90"
6/08/2018,"6,943.60"
5/08/2018,"7,027.10"
4/08/2018,"7,014.30"
3/08/2018,"7,419.00"
2/08/2018,"7,535.60"
1/08/2018,"7,606.40"
